episode,total_reward
0,58.72998003814896
1,64.93433281275131
2,76.6539145923793
3,69.911264485031
4,68.2026098800865
