episode,total_reward
0,300.3688512763705
1,298.30386769075767
2,262.76546358360105
3,279.59709073822216
4,289.5632009640666
