episode,length,total_reward,avg_q,exploration
0,4,7.204562850296497,0.3396975,1
1,4,6.617543883621693,0.23629450798034668,1
