episode,total_reward
0,-1.1973886687068214
1,-126.3567608694418
2,-129.32605112310213
3,-3.5428421310574723
4,-242.9213230184469
