episode,total_reward
0,286.8900537514236
1,257.33645349565955
2,269.962035610531
3,275.0898143090286
4,307.76401163345656
