episode,total_reward
0,245.53221143084738
1,264.0675127515125
2,228.68228111852443
3,66.60997942149874
4,260.07706745711187
