episode,total_reward
0,-33.40839089992962
1,-30.082596872266155
2,-35.69766995895365
3,-32.0839734333152
4,-36.06753804347677
