episode,total_reward
0,-1.3312879349062725
1,-134.14329342506988
